meta	1776718539441	670.6	670.6	670.6	670.6	0.0
meta	1776866746600	674.01	674.04	673.92	673.92	0.0
meta	1776885355486	675.13	675.23	675.13	675.2	0.0
meta	1776972889693	660.32	660.32	660.21	660.21	0.0
meta	1777315498947	679.59	679.59	679.55	679.55	0.0
meta	1777315547715	679.45	679.45	679.34	679.4	0.0
meta	1777315619081	679.49	679.68	679.48	679.6	0.0
meta	1777318079170	678.18	678.18	678.13	678.17	0.0
meta	1777318135341	678.2	678.21	678.08	678.16	0.0
meta	1777384662273	674.58	675.59	674.58	675.59	0.0
meta	1777388339057	667.86	667.87	667.5	667.57	0.0
meta	1777389116059	666.88	667.37	666.88	667.37	0.0
meta	1777389598004	667.34	667.66	667.34	667.66	0.0
meta	1777390225362	667.15	667.15	667.15	667.15	0.0
meta	1777392040818	668.58	668.76	668.58	668.59	0.0
meta	1777393559621	668.89	668.89	668.79	668.79	0.0
meta	1777395163040	670.01	670.21	670.01	670.21	0.0
meta	1777395234327	670.08	670.55	670.08	670.26	0.0
meta	1777397807357	670.13	670.13	670.1	670.1	0.0
meta	1777398418025	670.59	670.59	670.59	670.59	0.0
meta	1777495739355	629.0	629.0	626.75	627.15	0.0
meta	1777495757366	627.1	628.04	627.0	628.04	0.0
meta	1777495859241	627.0	627.0	625.03	625.03	0.0
meta	1777496747132	624.0	624.0	623.91	623.91	0.0
meta	1777496790245	623.0	623.1	622.07	623.0	0.0
meta	1777496860988	622.97	622.98	622.97	622.98	0.0
meta	1777497278414	626.0	626.5	626.0	626.5	0.0
meta	1777497318827	625.77	625.77	625.77	625.77	0.0
meta	1777498076072	624.3	624.3	623.5	623.5	0.0
meta	1777506293832	622.97	622.97	622.97	622.97	0.0
meta	1777506962539	621.8	621.8	621.8	621.8	0.0
meta	1777545310923	610.0	610.0	610.0	610.0	0.0
meta	1777546705007	609.0	609.06	608.7	608.7	0.0
meta	1777548380587	608.5	608.5	608.5	608.5	0.0
meta	1777548532885	609.3	609.3	609.3	609.3	0.0
meta	1777548633329	609.11	609.11	608.68	608.68	0.0
meta	1777549679732	606.0	606.0	605.7	606.0	0.0
meta	1777549946083	606.58	606.58	606.19	606.19	0.0
meta	1777550029223	607.13	607.13	607.01	607.01	0.0
meta	1777550128567	606.93	606.93	606.93	606.93	0.0
meta	1777550164001	606.73	606.73	606.73	606.73	0.0
meta	1777551200519	606.08	606.2	606.08	606.2	0.0
meta	1777551287630	606.64	606.64	606.15	606.2	0.0
meta	1777551336045	606.3	606.5	606.3	606.5	0.0
meta	1777551378239	606.03	606.12	606.03	606.12	0.0
meta	1777558310455	603.48	603.87	603.15	603.79	0.0
meta	1777558372149	603.47	603.675	603.39	603.54	0.0
meta	1777558433627	603.55	603.8	602.77	602.8	0.0
meta	1777558544862	602.65	603.41	602.65	602.66	0.0
meta	1777560359945	604.6	604.6	602.805	602.805	0.0
meta	1777560414746	603.01	604.19	602.57	602.63	0.0
meta	1777560477316	603.01	603.665	602.83	603.37	0.0
meta	1777560539035	603.38	604.97	602.84	604.28	0.0
meta	1777560599974	603.58	605.0	603.58	604.63	0.0
meta	1777561251338	608.14	608.21	607.16	608.21	0.0
meta	1777561319770	607.8	608.66	607.77	608.05	0.0
meta	1777561377550	608.24	609.17	607.705	608.45	0.0
meta	1777561438768	609.19	609.36	608.09	608.09	0.0
meta	1777561488843	608.91	609.36	608.22	608.54	0.0
meta	1777563091666	606.39	606.65	606.16	606.65	0.0
meta	1777563168914	606.7	606.75	606.7	606.75	0.0
meta	1777563237344	606.04	606.9	606.04	606.9	0.0
meta	1777563267615	606.81	606.88	606.81	606.87	0.0
meta	1777564018649	607.26	607.34	606.11	606.11	0.0
meta	1777564049756	606.45	607.28	606.43	607.28	0.0
meta	1777567499538	606.42	606.69	606.05	606.05	0.0
meta	1777567610503	605.83	606.45	605.62	606.43	0.0
meta	1777567678378	606.49	606.63	606.06	606.59	0.0
meta	1777572953254	617.12	618.28	617.01	617.99	0.0
meta	1777573015280	617.52	618.02	616.57	616.81	0.0
meta	1777573078409	616.985	617.87	616.51	617.17	0.0
meta	1777573136821	617.9	618.36	616.62	617.29	0.0
meta	1777573199032	618.2	618.22	617.29	617.43	0.0
meta	1777573252619	617.47	617.93	615.63	617.93	0.0
meta	1777577698189	619.745	619.745	618.28	618.28	0.0
meta	1777990494159	606.01	606.07	605.25	605.99	0.0
meta	1777990512056	605.86	605.86	605.5	605.5	0.0
meta	1777991208005	604.81	605.155	604.81	605.155	0
meta	1777991268959	605.04	605.07	604.56	604.56	0
meta	1777991315721	604.41	604.66	604.22	604.22	0
meta	1777991382891	604.58	604.58	604.36	604.39	0
amzn	1776718660216	254.7	254.7	254.66	254.7	0.0
amzn	1776719099809	254.66	254.66	254.66	254.66	0.0
amzn	1776866744577	252.93	253.07	252.93	253.07	0.0
amzn	1776972892758	255.62	255.62	255.62	255.62	0.0
amzn	1777315481151	261.6	261.6	261.6	261.6	0.0
amzn	1777318128370	261.21	261.21	261.125	261.13	0.0
amzn	1777384662277	258.92	259.23	258.83	258.89	0.0
amzn	1777388339057	260.38	260.48	260.12	260.22	0.0
amzn	1777389103945	260.03	260.04	260.03	260.04	0.0
amzn	1777389598005	260.24	260.26	260.23	260.26	0.0
amzn	1777390253598	259.55	259.55	259.44	259.45	0.0
amzn	1777390676447	259.84	259.885	259.84	259.885	0.0
amzn	1777392058992	259.9	260.01	259.83	259.89	0.0
amzn	1777393555385	260.085	260.085	260.03	260.065	0.0
amzn	1777395239449	259.43	259.6	259.35	259.6	0.0
amzn	1777396619259	258.305	258.305	258.3	258.3	0.0
amzn	1777397811391	258.31	258.31	258.29	258.29	0.0
amzn	1777399363388	258.87	258.96	258.87	258.87	0.0
amzn	1777495734363	258.28	258.28	258.28	258.28	0.0
amzn	1777495841499	256.65	257.0	256.65	257.0	0.0
amzn	1777496694007	253.55	253.55	253.55	253.55	0.0
amzn	1777496730094	253.45	253.45	253.01	253.01	0.0
amzn	1777496816501	252.8	253.4	252.38	253.0	0.0
amzn	1777496843888	253.0	253.6	253.0	253.57	0.0
amzn	1777497287491	255.01	255.01	254.69	254.69	0.0
amzn	1777497340816	255.01	255.01	254.65	254.65	0.0
amzn	1777497949798	257.16	257.16	257.16	257.16	0.0
amzn	1777498009866	257.43	257.83	257.43	257.83	0.0
amzn	1777498063050	258.0	258.07	257.28	257.91	0.0
amzn	1777498082090	258.2	258.2	258.2	258.2	0.0
amzn	1777500296732	268.25	269.46	268.25	269.46	0.0
amzn	1777501015634	276.39	276.39	276.39	276.39	0.0
amzn	1777501814326	275.18	275.18	275.18	275.18	0.0
amzn	1777503756841	271.7	271.7	271.7	271.7	0.0
amzn	1777503826331	271.12	271.12	271.12	271.12	0.0
amzn	1777503861832	271.0	271.0	270.68	270.68	0.0
amzn	1777548477715	270.95	270.96	270.95	270.96	0.0
amzn	1777550097147	269.8	269.83	269.8	269.83	0.0
amzn	1777551151097	272.44	272.7	272.4	272.7	0.0
amzn	1777551190197	272.465	272.465	272.465	272.465	0.0
amzn	1777551256585	272.41	272.41	272.41	272.41	0.0
amzn	1777551340095	273.065	273.065	273.065	273.065	0.0
amzn	1777551441050	272.63	272.67	272.63	272.67	0.0
amzn	1777551512406	272.68	272.68	272.68	272.68	0.0
amzn	1777558318598	260.36	261.28	260.1	260.1	0.0
amzn	1777558375221	260.12	260.8	259.95	260.02	0.0
amzn	1777558437706	260.07	260.98	260.07	260.98	0.0
amzn	1777558496441	260.6	261.13	260.48	261.13	0.0
amzn	1777558536615	260.92	260.92	260.39	260.39	0.0
amzn	1777560358709	258.71	258.73	258.075	258.6	0.0
amzn	1777560416873	258.31	258.57	258.02	258.45	0.0
amzn	1777560479441	258.6	259.07	258.2	258.91	0.0
amzn	1777560598968	258.96	259.02	257.91	258.8	0.0
amzn	1777561239868	259.56	259.81	259.56	259.81	0.0
amzn	1777561315723	259.84	259.99	259.65	259.65	0.0
amzn	1777561378735	259.95	260.11	259.6	259.74	0.0
amzn	1777561437734	259.77	259.95	259.6	259.68	0.0
amzn	1777561496943	259.82	260.095	259.58	259.9	0.0
amzn	1777563104075	258.47	258.55	258.1	258.55	0.0
amzn	1777563167730	258.34	258.48	258.34	258.48	0.0
amzn	1777563230085	258.09	258.42	258.09	258.42	0.0
amzn	1777563276251	258.04	258.37	258.04	258.37	0.0
amzn	1777563959349	257.3	257.3	257.08	257.08	0.0
amzn	1777564014315	257.09	257.31	257.07	257.08	0.0
amzn	1777564066021	257.03	257.27	257.0	257.27	0.0
amzn	1777567496512	259.39	259.39	259.28	259.28	0.0
amzn	1777567616757	259.17	259.46	259.12	259.46	0.0
amzn	1777567664668	259.74	259.77	259.22	259.22	0.0
amzn	1777572899063	261.98	261.98	261.92	261.93	0.0
amzn	1777572958712	261.89	261.945	261.69	261.93	0.0
amzn	1777573011122	261.915	262.01	261.65	261.7	0.0
amzn	1777573076418	261.72	262.05	261.6	262.05	0.0
amzn	1777573136821	262.03	262.03	261.92	262.02	0.0
amzn	1777573252619	262.0	262.29	261.85	262.29	0.0
amzn	1777577696178	266.11	266.17	265.92	266.07	0.0
amzn	1777577753765	266.06	266.14	266.03	266.14	0.0
amzn	1777895672491	268.25	268.25	268.25	268.25	0.0
amzn	1777990488730	275.64	275.64	275.64	275.64	0.0
amzn	1777990510048	275.59	275.59	275.59	275.59	0.0
amzn	1777991205628	275.56	275.63	275.38	275.63	0
amzn	1777991272206	275.59	275.85	275.28	275.34	0
amzn	1777991329649	275.69	275.83	275.63	275.75	0
amzn	1777991385468	275.77	275.79	275.66	275.72	0
nflx	1776718673037	94.61	94.61	94.61	94.61	0.0
nflx	1776719573646	94.69	94.69	94.69	94.69	0.0
nflx	1776866757967	93.71	93.71	93.64	93.64	0.0
nflx	1776885356664	93.29	93.29	93.29	93.29	0.0
nflx	1776972894709	93.13	93.155	93.1	93.13	0.0
nflx	1777315497415	91.82	91.825	91.82	91.82	0.0
nflx	1777315558970	91.82	91.82	91.79	91.79	0.0
nflx	1777315616849	91.79	91.805	91.79	91.79	0.0
nflx	1777318076035	91.81	91.81	91.755	91.78	0.0
nflx	1777318138495	91.78	91.81	91.74	91.81	0.0
nflx	1777374469992	91.55	91.55	91.55	91.55	0.0
nflx	1777384662280	90.66	90.75	90.63	90.66	0.0
nflx	1777389116059	90.88	90.9	90.88	90.9	0.0
nflx	1777389598004	90.51	90.54	90.49	90.54	0.0
nflx	1777390259743	90.54	90.56	90.51	90.52	0.0
nflx	1777390678478	90.565	90.58	90.55	90.58	0.0
nflx	1777392054097	90.51	90.55	90.5	90.55	0.0
nflx	1777393555385	90.55	90.55	90.55	90.55	0.0
nflx	1777395236328	90.395	90.445	90.38	90.445	0.0
nflx	1777397816403	90.9	90.91	90.9	90.91	0.0
nflx	1777399364378	90.88	90.9	90.88	90.895	0.0
nflx	1777495799539	91.6	91.6	91.6	91.6	0.0
nflx	1777495814514	91.53	91.53	91.51	91.51	0.0
nflx	1777497315897	91.53	91.53	91.53	91.53	0.0
nflx	1777498139229	91.38	91.38	91.38	91.38	0.0
nflx	1777546702000	91.24	91.24	91.24	91.24	0.0
nflx	1777548562921	91.31	91.31	91.31	91.31	0.0
nflx	1777548628228	91.31	91.31	91.31	91.31	0.0
nflx	1777551135074	91.42	91.42	91.42	91.42	0.0
nflx	1777558311496	92.43	92.54	92.37	92.49	0.0
nflx	1777558376186	92.37	92.54	92.37	92.53	0.0
nflx	1777558438725	92.55	92.57	92.39	92.41	0.0
nflx	1777558554239	92.45	92.53	92.44	92.51	0.0
nflx	1777560359945	92.655	92.655	92.58	92.61	0.0
nflx	1777560416873	92.61	92.61	92.57	92.58	0.0
nflx	1777560479442	92.6	92.84	92.55	92.56	0.0
nflx	1777560598968	92.76	93.01	92.76	92.875	0.0
nflx	1777561249401	93.07	93.09	93.055	93.055	0.0
nflx	1777561319770	93.07	93.1	93.005	93.005	0.0
nflx	1777561375464	93.05	93.09	92.99	93.04	0.0
nflx	1777561438768	93.07	93.07	93.02	93.05	0.0
nflx	1777561492916	93.04	93.07	93.02	93.04	0.0
nflx	1777563099872	93.08	93.18	93.02	93.08	0.0
nflx	1777563174973	93.18	93.18	93.01	93.12	0.0
nflx	1777563233289	93.09	93.09	93.08	93.08	0.0
nflx	1777563295695	93.06	93.13	93.03	93.13	0.0
nflx	1777563949002	93.0	93.0	93.0	93.0	0.0
nflx	1777564018649	93.04	93.05	93.0	93.05	0.0
nflx	1777564040579	93.045	93.045	93.02	93.035	0.0
nflx	1777567499538	93.14	93.16	93.12	93.12	0.0
nflx	1777567611513	93.085	93.09	93.08	93.08	0.0
nflx	1777567672365	93.08	93.11	93.07	93.09	0.0
nflx	1777572958712	93.91	93.92	93.89	93.89	0.0
nflx	1777573016338	93.89	94.03	93.88	94.02	0.0
nflx	1777573079442	94.025	94.025	93.905	94.015	0.0
nflx	1777573136821	94.01	94.035	93.97	93.97	0.0
nflx	1777573196764	94.02	94.02	93.98	94.0	0.0
nflx	1777573257754	94.0	94.035	93.99	94.03	0.0
nflx	1777577397286	94.065	94.09	94.065	94.07	0.0
nflx	1777577691050	94.08	94.09	94.075	94.08	0.0
nflx	1777927002436	90.96	90.96	90.96	90.96	0.0
nflx	1777990489461	89.77	89.82	89.74	89.74	0.0
nflx	1777990537623	89.79	89.79	89.79	89.79	0.0
nflx	1777991210283	89.22	89.22	89.11	89.12	0
nflx	1777991237028	89.18	89.18	89.15	89.16	0
nflx	1777991332975	89.15	89.17	89.06	89.16	0
nflx	1777991385473	89.03	89.15	88.99	89.12	0
tsla	1776719566681	392.2	392.2	392.2	392.2	0.0
tsla	1776866755769	391.16	391.16	390.93	390.93	0.0
tsla	1776885359532	388.715	388.715	388.715	388.715	0.0
tsla	1776972898710	373.96	373.96	373.28	373.72	0.0
tsla	1777315496409	378.29	378.36	378.24	378.36	0.0
tsla	1777315556938	378.35	378.38	378.0	378.12	0.0
tsla	1777315613961	378.16	378.4	378.085	378.12	0.0
tsla	1777318079171	379.23	379.28	378.88	379.16	0.0
tsla	1777318139504	379.15	379.45	379.12	379.43	0.0
tsla	1777374469992	374.0	374.0	373.82	373.89	0.0
tsla	1777384662277	376.77	377.39	376.08	377.32	0.0
tsla	1777389598962	376.53	376.81	376.53	376.81	0.0
tsla	1777390251487	374.95	375.0	374.75	375.0	0.0
tsla	1777390678478	374.91	374.99	374.91	374.96	0.0
tsla	1777392056892	375.2	375.59	375.11	375.58	0.0
tsla	1777393557604	375.68	375.68	375.38	375.38	0.0
tsla	1777395234327	376.73	376.84	376.61	376.615	0.0
tsla	1777397815492	376.24	376.31	376.08	376.17	0.0
tsla	1777398415992	375.91	375.91	375.91	375.91	0.0
tsla	1777399375593	376.09	376.09	375.9	375.98	0.0
tsla	1777469293831	376.0	376.0	376.0	376.0	0.0
tsla	1777495850995	372.0	372.0	372.0	372.0	0.0
tsla	1777501014617	373.2	373.2	373.2	373.2	0.0
tsla	1777503863634	372.99	372.99	372.99	372.99	0.0
tsla	1777548398616	372.98	372.98	372.98	372.98	0.0
tsla	1777548633329	373.2	373.2	373.2	373.2	0.0
tsla	1777550021168	372.78	372.84	372.78	372.78	0.0
tsla	1777551217540	373.13	373.13	373.13	373.13	0.0
tsla	1777551317909	373.05	373.4	373.05	373.4	0.0
tsla	1777551471089	373.27	373.27	373.27	373.27	0.0
tsla	1777551482324	373.27	373.27	373.27	373.27	0.0
tsla	1777558318598	369.52	369.54	368.52	368.575	0.0
tsla	1777558370210	368.935	368.96	368.525	368.935	0.0
tsla	1777558439721	368.96	369.97	368.89	369.78	0.0
tsla	1777558493374	370.02	370.32	369.03	370.24	0.0
tsla	1777558554239	369.94	370.38	369.91	370.28	0.0
tsla	1777560359945	372.82	372.88	372.26	372.88	0.0
tsla	1777560476316	373.18	373.53	372.91	373.53	0.0
tsla	1777560533610	372.88	373.96	372.88	373.71	0.0
tsla	1777560599974	373.4	374.32	372.95	374.32	0.0
tsla	1777561319769	376.07	376.6	374.93	376.5	0.0
tsla	1777561377550	376.63	377.88	375.93	376.68	0.0
tsla	1777561432454	376.74	377.8	376.68	377.33	0.0
tsla	1777561499018	377.6	377.82	377.02	377.37	0.0
tsla	1777563102997	378.17	378.95	377.63	378.95	0.0
tsla	1777563170779	379.47	379.47	378.05	378.05	0.0
tsla	1777563236287	377.68	379.58	377.68	379.27	0.0
tsla	1777563289560	379.05	379.4	378.72	379.02	0.0
tsla	1777563955210	377.06	377.06	377.04	377.04	0.0
tsla	1777564018649	377.02	377.42	377.01	377.25	0.0
tsla	1777564027346	376.99	376.99	376.99	376.99	0.0
tsla	1777567498624	377.92	377.94	377.45	377.45	0.0
tsla	1777567559290	377.45	377.58	377.18	377.22	0.0
tsla	1777567619837	377.27	377.285	376.9	377.285	0.0
tsla	1777567665681	377.27	377.31	377.08	377.31	0.0
tsla	1777572957839	380.4	380.42	380.1	380.26	0.0
tsla	1777573016338	380.08	380.39	380.0	380.39	0.0
tsla	1777573079442	380.11	380.8	380.11	380.76	0.0
tsla	1777573139819	380.75	380.89	380.22	380.76	0.0
tsla	1777573192730	380.87	380.96	380.74	380.9	0.0
tsla	1777573257754	380.95	381.01	380.65	380.65	0.0
tsla	1777577699592	383.0	383.16	382.42	382.43	0.0
tsla	1777577753765	382.68	382.68	382.08	382.43	0.0
tsla	1777882242769	392.2	392.2	392.2	392.2	0.0
tsla	1777990489472	397.77	397.77	396.49	397.04	0.0
tsla	1777990537618	397.06	397.185	396.58	396.75	0.0
tsla	1777991210283	395.9	395.9	395.45	395.45	0
tsla	1777991269215	395.98	396.08	395.22	395.45	0
tsla	1777991332203	395.32	395.55	394.37	394.37	0
tsla	1777991385473	395.25	395.25	394.42	395.07	0
nvda	1776859256603	200.57	200.69	200.5	200.57	0.0
nvda	1776866759705	199.685	199.71	199.49	199.71	0.0
nvda	1776885358519	201.8	201.8	201.8	201.8	0.0
nvda	1776972894709	199.34	199.34	199.32	199.32	0.0
nvda	1777315497415	215.44	215.45	215.4	215.45	0.0
nvda	1777315556938	215.48	215.5	214.92	215.07	0.0
nvda	1777315619081	215.1	215.23	215.08	215.23	0.0
nvda	1777318135341	215.53	215.75	215.53	215.72	0.0
nvda	1777374472994	213.3	213.32	213.3	213.32	0.0
nvda	1777384662275	210.72	211.41	210.7	210.96	0.0
nvda	1777388338056	209.39	209.66	209.3	209.32	0.0
nvda	1777389119074	209.24	209.31	209.08	209.28	0.0
nvda	1777389599954	209.7	209.93	209.69	209.93	0.0
nvda	1777390247304	209.01	209.02	208.87	208.96	0.0
nvda	1777390673153	209.16	209.2	209.16	209.19	0.0
nvda	1777392057964	209.75	209.83	209.65	209.8	0.0
nvda	1777393556490	210.4	210.4	210.16	210.16	0.0
nvda	1777395239449	210.67	210.8	210.62	210.73	0.0
nvda	1777397818402	211.11	211.11	211.08	211.11	0.0
nvda	1777399374577	211.865	211.91	211.72	211.85	0.0
nvda	1777469312817	212.7	212.7	212.68	212.69	0.0
nvda	1777495740423	209.55	209.55	209.55	209.55	0.0
nvda	1777495850995	209.1	209.1	209.05	209.05	0.0
nvda	1777496877991	208.485	208.5	208.485	208.5	0.0
nvda	1777497295509	208.31	208.4	208.2	208.4	0.0
nvda	1777497895722	208.76	208.76	208.76	208.76	0.0
nvda	1777497959793	208.68	208.68	208.68	208.68	0.0
nvda	1777500262375	208.53	208.54	208.4	208.4	0.0
nvda	1777500989262	210.68	210.71	210.65	210.65	0.0
nvda	1777506995582	211.31	211.31	211.29	211.29	0.0
nvda	1777545167619	210.75	210.75	210.75	210.75	0.0
nvda	1777548418687	210.97	210.97	210.97	210.97	0.0
nvda	1777548623191	211.0	211.0	211.0	211.0	0.0
nvda	1777549968110	210.6	210.6	210.6	210.6	0.0
nvda	1777549992168	210.615	210.615	210.615	210.615	0.0
nvda	1777550115202	210.63	210.63	210.63	210.63	0.0
nvda	1777551181189	210.7	210.7	210.7	210.7	0.0
nvda	1777551274643	210.65	210.65	210.65	210.65	0.0
nvda	1777551328018	210.65	210.85	210.63	210.85	0.0
nvda	1777551495357	210.85	210.93	210.85	210.89	0.0
nvda	1777558305656	201.94	202.99	201.51	201.92	0.0
nvda	1777558371147	201.92	201.92	201.54	201.66	0.0
nvda	1777558434745	201.7	202.5	201.55	202.45	0.0
nvda	1777558559266	202.44	202.685	201.3	202.685	0.0
nvda	1777560359945	200.5	200.85	200.28	200.685	0.0
nvda	1777560479442	201.17	201.36	200.67	201.03	0.0
nvda	1777560537911	201.37	201.5	200.97	201.41	0.0
nvda	1777560599974	201.51	201.51	201.09	201.28	0.0
nvda	1777561257410	202.0	202.09	201.89	201.94	0.0
nvda	1777561319770	202.02	202.22	201.85	201.97	0.0
nvda	1777561379598	202.25	202.43	201.82	202.08	0.0
nvda	1777561438768	201.82	202.405	201.55	201.62	0.0
nvda	1777561496943	201.66	202.01	201.53	201.53	0.0
nvda	1777563085569	201.12	201.39	201.1	201.1	0.0
nvda	1777563177508	201.35	201.55	201.34	201.55	0.0
nvda	1777563221800	201.12	201.52	201.12	201.52	0.0
nvda	1777563278358	201.125	201.63	201.125	201.27	0.0
nvda	1777564015386	200.73	200.73	200.46	200.51	0.0
nvda	1777564067481	200.39	200.48	200.36	200.36	0.0
nvda	1777567493485	200.04	200.06	199.62	199.63	0.0
nvda	1777567614701	199.47	199.51	199.33	199.43	0.0
nvda	1777572959729	200.58	200.72	200.58	200.66	0.0
nvda	1777573016338	200.74	200.78	200.64	200.65	0.0
nvda	1777573078409	200.72	201.03	200.65	200.73	0.0
nvda	1777573137813	200.91	201.02	200.74	200.93	0.0
nvda	1777573196764	200.84	201.04	200.75	200.78	0.0
nvda	1777573257754	200.93	200.98	200.5	200.61	0.0
nvda	1777577696176	200.89	200.89	200.59	200.72	0.0
nvda	1777927002436	197.85	197.85	197.85	197.85	0.0
nvda	1777990494160	198.66	198.66	197.87	198.42	0.0
nvda	1777990537620	198.42	198.55	197.7	198.08	0.0
nvda	1777991206982	198.59	199.0	198.55	198.9	0
nvda	1777991269215	198.91	198.995	198.73	198.755	0
nvda	1777991329642	198.985	198.985	198.61	198.78	0
nvda	1777991385468	198.77	198.77	198.46	198.74	0
amd	1776859258594	290.0	290.0	290.0	290.0	0.0
amd	1776866758735	288.36	288.44	288.36	288.44	0.0
amd	1776885359532	302.54	302.66	302.54	302.66	0.0
amd	1776972880651	303.88	304.28	303.88	304.25	0.0
amd	1777315556938	337.03	337.04	336.76	336.87	0.0
amd	1777318065212	336.29	336.4	336.29	336.4	0.0
amd	1777318123234	336.46	336.73	336.43	336.73	0.0
amd	1777384662281	321.24	322.25	320.13	321.52	0.0
amd	1777389119074	319.74	319.75	319.56	319.65	0.0
amd	1777389598004	320.82	321.11	320.71	321.11	0.0
amd	1777390251487	319.36	319.36	319.14	319.14	0.0
amd	1777390675394	319.0	319.0	318.86	318.86	0.0
amd	1777392016776	319.69	319.69	319.59	319.59	0.0
amd	1777395161958	321.33	321.69	321.33	321.69	0.0
amd	1777395220243	322.05	322.13	322.02	322.13	0.0
amd	1777397814392	323.72	323.88	323.72	323.88	0.0
amd	1777399371567	324.64	325.09	324.64	324.98	0.0
amd	1777469307862	326.8	326.8	326.8	326.8	0.0
amd	1777497886689	333.74	333.74	333.71	333.71	0.0
amd	1777500285623	338.39	338.39	338.39	338.39	0.0
amd	1777501011280	341.24	342.0	341.24	342.0	0.0
amd	1777501829336	344.1	344.1	344.1	344.1	0.0
amd	1777548408650	341.8	341.8	341.8	341.8	0.0
amd	1777548441691	341.99	341.99	341.99	341.99	0.0
amd	1777549695738	342.4	342.4	342.4	342.4	0.0
amd	1777549948094	342.03	342.03	341.76	341.76	0.0
amd	1777550063251	342.2	342.2	342.2	342.2	0.0
amd	1777550202788	342.0	342.0	342.0	342.0	0.0
amd	1777551248575	342.87	342.87	342.87	342.87	0.0
amd	1777551471089	343.28	343.28	343.17	343.17	0.0
amd	1777558295463	345.27	345.53	343.65	345.53	0.0
amd	1777558375221	343.14	345.16	343.14	343.16	0.0
amd	1777558434746	344.27	344.7	343.4	344.58	0.0
amd	1777558489416	344.62	345.39	343.46	345.39	0.0
amd	1777558554239	345.55	345.77	343.28	345.77	0.0
amd	1777560359945	340.29	341.2	340.29	340.95	0.0
amd	1777560416873	341.44	341.6	341.42	341.6	0.0
amd	1777560475296	341.32	341.84	341.24	341.24	0.0
amd	1777560535964	341.66	342.49	341.66	341.89	0.0
amd	1777560588419	342.1	342.98	341.95	342.88	0.0
amd	1777561255361	345.5	345.61	345.3	345.3	0.0
amd	1777561300853	345.46	345.69	345.4	345.69	0.0
amd	1777561378735	345.68	347.58	345.38	347.58	0.0
amd	1777561432455	345.71	348.16	345.71	347.79	0.0
amd	1777561499018	348.045	348.045	346.58	346.98	0.0
amd	1777563168914	348.89	348.89	348.49	348.49	0.0
amd	1777563237344	349.09	349.25	349.09	349.25	0.0
amd	1777563291079	349.23	350.66	349.23	350.66	0.0
amd	1777563947906	348.92	348.92	348.92	348.92	0.0
amd	1777563998734	347.84	348.03	347.84	348.03	0.0
amd	1777564054237	346.58	346.58	346.43	346.43	0.0
amd	1777567495488	349.84	349.84	349.72	349.72	0.0
amd	1777567535844	349.48	349.48	349.48	349.48	0.0
amd	1777567606307	349.28	349.28	349.17	349.17	0.0
amd	1777567664668	349.34	349.34	349.34	349.34	0.0
amd	1777572941491	353.01	353.01	352.93	353.01	0.0
amd	1777572981946	353.14	353.14	352.92	352.92	0.0
amd	1777573058602	353.21	353.38	353.21	353.38	0.0
amd	1777573134816	353.41	353.44	353.26	353.43	0.0
amd	1777573140856	353.315	353.58	353.315	353.58	0.0
amd	1777573258791	353.11	353.18	352.91	353.18	0.0
amd	1777577395229	352.97	352.97	352.91	352.91	0.0
amd	1777577696175	353.21	353.6	353.21	353.6	0.0
amd	1777577748712	353.2	353.2	353.2	353.2	0.0
amd	1777927072247	342.03	342.03	342.03	342.03	0.0
amd	1777990489472	346.92	346.92	346.92	346.92	0.0
amd	1777990537619	347.08	347.08	345.74	346.4	0.0
amd	1777991198350	349.8	349.8	349.75	349.75	0
amd	1777991268321	350.3	350.71	350.14	350.71	0
amd	1777991332975	350.27	350.37	350.19	350.295	0
amd	1777991385278	350.45	350.45	350.28	350.28	0
aapl	1776866751621	268.99	269.03	268.99	268.99	0.0
aapl	1776972896708	274.1	274.1	273.95	273.95	0.0
aapl	1777315497415	266.18	266.18	266.18	266.18	0.0
aapl	1777315554063	266.19	266.24	266.19	266.24	0.0
aapl	1777315619081	266.26	266.33	266.25	266.29	0.0
aapl	1777318138495	266.8	267.05	266.8	267.02	0.0
aapl	1777384652179	269.7	269.89	269.7	269.89	0.0
aapl	1777388337019	271.08	271.13	270.95	271.12	0.0
aapl	1777389103945	271.53	271.53	271.53	271.53	0.0
aapl	1777389598007	271.0	271.0	270.965	270.965	0.0
aapl	1777390240002	270.36	270.47	270.36	270.4	0.0
aapl	1777395239449	270.05	270.08	270.0	270.0	0.0
aapl	1777399349176	270.43	270.43	270.42	270.42	0.0
aapl	1777469325825	267.66	267.66	267.66	267.66	0.0
aapl	1777495807535	269.64	269.64	269.64	269.64	0.0
aapl	1777500287712	268.94	268.94	268.94	268.94	0.0
aapl	1777545352243	270.8	270.8	270.8	270.8	0.0
aapl	1777551275619	271.73	271.73	271.73	271.73	0.0
aapl	1777558300593	270.92	271.6	270.92	271.6	0.0
aapl	1777558377216	271.51	271.51	271.39	271.39	0.0
aapl	1777558433628	271.15	271.15	271.15	271.15	0.0
aapl	1777558553107	271.23	271.33	271.23	271.33	0.0
aapl	1777560359945	271.26	271.55	271.26	271.55	0.0
aapl	1777560410624	271.32	271.56	271.32	271.56	0.0
aapl	1777560471247	271.57	271.6	271.46	271.46	0.0
aapl	1777560594932	271.4	271.4	270.97	271.03	0.0
aapl	1777561252321	270.88	270.95	270.88	270.94	0.0
aapl	1777561314690	270.92	270.97	270.86	270.91	0.0
aapl	1777561370352	271.01	271.06	270.91	270.91	0.0
aapl	1777561418043	270.99	271.08	270.98	271.08	0.0
aapl	1777561494947	271.06	271.06	270.92	270.92	0.0
aapl	1777563099872	271.36	271.38	271.32	271.34	0.0
aapl	1777563171883	271.36	271.36	271.32	271.36	0.0
aapl	1777563281460	271.36	271.41	271.33	271.33	0.0
aapl	1777563955210	271.55	271.55	271.55	271.55	0.0
aapl	1777564004100	271.51	271.54	271.51	271.54	0.0
aapl	1777564047211	271.59	271.62	271.59	271.62	0.0
aapl	1777567495488	273.03	273.03	272.92	272.92	0.0
aapl	1777567535844	272.96	273.005	272.81	272.81	0.0
aapl	1777567592320	272.95	272.95	272.85	272.85	0.0
aapl	1777567663670	272.94	272.94	272.94	272.94	0.0
aapl	1777572957839	273.99	274.07	273.96	273.98	0.0
aapl	1777573016338	273.93	274.0	273.93	273.94	0.0
aapl	1777573079442	273.95	274.0	273.8	273.85	0.0
aapl	1777573137813	273.85	273.98	273.82	273.97	0.0
aapl	1777573182560	273.92	273.96	273.82	273.82	0.0
aapl	1777573258791	273.93	274.065	273.92	273.96	0.0
aapl	1777577690043	274.11	274.13	273.96	273.97	0.0
aapl	1777990488728	279.94	279.94	279.88	279.88	0.0
aapl	1777990537616	279.65	279.86	279.65	279.82	0.0
aapl	1777991210283	281.04	281.16	280.725	281.01	0
aapl	1777991272206	280.75	281.21	280.53	280.63	0
aapl	1777991332975	280.75	280.93	280.49	280.73	0
aapl	1777991385469	281.13	281.32	280.78	281.0	0
msft	1776866759705	429.91	429.92	429.56	429.82	0.0
msft	1776885353576	431.39	431.39	431.39	431.39	0.0
msft	1776972886660	416.12	416.16	416.12	416.16	0.0
msft	1777315487230	426.99	426.99	426.66	426.79	0.0
msft	1777315555879	426.67	426.67	426.3	426.33	0.0
msft	1777318138494	424.71	424.755	424.67	424.755	0.0
msft	1777384662281	426.63	426.97	426.4	426.75	0.0
msft	1777389116059	426.17	426.23	426.17	426.21	0.0
msft	1777389599954	426.13	426.45	426.13	426.45	0.0
msft	1777390253598	425.85	425.85	425.56	425.74	0.0
msft	1777390679494	426.25	426.4	426.25	426.35	0.0
msft	1777392057964	427.03	427.8	426.9	427.78	0.0
msft	1777393546785	428.01	428.03	427.98	427.98	0.0
msft	1777395166101	428.185	428.25	428.185	428.25	0.0
msft	1777395239448	428.26	428.47	428.19	428.47	0.0
msft	1777397816404	428.18	428.18	428.18	428.18	0.0
msft	1777399369531	427.61	427.62	427.36	427.43	0.0
msft	1777469325825	423.5	424.36	423.5	424.2	0.0
msft	1777495730349	415.0	415.0	415.0	415.0	0.0
msft	1777495783416	415.0	415.0	414.0	414.0	0.0
msft	1777495849000	413.56	414.0	413.56	414.0	0.0
msft	1777496759144	414.0	414.0	414.0	414.0	0.0
msft	1777496799279	413.6	413.6	413.6	413.6	0.0
msft	1777497334888	414.27	414.27	414.27	414.27	0.0
msft	1777497895722	415.7	415.7	415.7	415.7	0.0
msft	1777497945778	415.95	415.95	415.95	415.95	0.0
msft	1777497980831	415.48	415.48	415.48	415.48	0.0
msft	1777498045922	415.0	415.0	415.0	415.0	0.0
msft	1777498113243	414.9	414.9	414.69	414.69	0.0
msft	1777500296731	430.2	430.2	419.97	429.69	0.0
msft	1777501848349	423.61	423.61	422.99	422.99	0.0
msft	1777546590839	414.12	414.44	414.12	414.44	0.0
msft	1777546737088	414.71	414.71	414.71	414.71	0.0
msft	1777548455710	417.8	417.9	417.8	417.9	0.0
msft	1777548530852	418.0	418.0	418.0	418.0	0.0
msft	1777548583944	418.01	418.44	418.0	418.44	0.0
msft	1777548646401	418.26	418.26	417.5	417.5	0.0
msft	1777549667701	416.22	416.22	416.2	416.2	0.0
msft	1777549731784	416.07	416.44	416.0	416.39	0.0
msft	1777549797922	416.6	416.6	416.59	416.59	0.0
msft	1777549828999	416.7	416.7	416.61	416.61	0.0
msft	1777549883015	416.36	416.36	416.36	416.36	0.0
msft	1777549949084	416.0	416.18	416.0	416.18	0.0
msft	1777550115202	416.14	416.14	416.14	416.14	0.0
msft	1777550192748	416.0	416.47	416.0	416.47	0.0
msft	1777551169209	417.71	417.71	417.71	417.71	0.0
msft	1777551201535	417.61	417.61	417.5	417.5	0.0
msft	1777551255582	417.5	417.5	417.5	417.5	0.0
msft	1777551330013	417.89	417.89	417.89	417.89	0.0
msft	1777551407565	418.2	418.2	418.0	418.0	0.0
msft	1777551420899	418.0	418.0	418.0	418.0	0.0
msft	1777558315549	401.61	402.55	401.0	401.0	0.0
msft	1777558371147	400.86	401.38	400.74	400.94	0.0
msft	1777558437706	401.0	403.35	401.0	403.35	0.0
msft	1777558497608	403.48	404.12	401.59	404.12	0.0
msft	1777558557246	403.63	404.45	401.67	404.39	0.0
msft	1777560359945	404.2	404.7	403.41	404.69	0.0
msft	1777560479441	404.13	405.24	404.08	404.51	0.0
msft	1777560593927	405.19	405.28	404.42	404.76	0.0
msft	1777561255361	405.83	406.2	405.8	405.91	0.0
msft	1777561319770	406.165	406.79	406.12	406.12	0.0
msft	1777561379598	406.8	406.91	405.83	406.75	0.0
msft	1777561437735	406.74	406.74	406.28	406.4	0.0
msft	1777561496943	406.72	406.72	405.41	405.41	0.0
msft	1777563106112	403.05	403.05	402.88	403.045	0.0
msft	1777563179539	402.95	403.115	402.95	403.115	0.0
msft	1777563230085	403.04	403.73	403.04	403.73	0.0
msft	1777563280540	403.76	403.76	403.095	403.095	0.0
msft	1777564018649	402.18	402.25	401.77	401.83	0.0
msft	1777564069684	401.77	402.12	401.77	401.85	0.0
msft	1777567499538	400.72	400.72	399.66	400.0	0.0
msft	1777567559290	400.0	400.24	399.5	399.585	0.0
msft	1777567616757	399.54	400.03	399.48	399.99	0.0
msft	1777567677349	399.67	400.02	399.66	399.75	0.0
msft	1777572899064	404.57	404.58	404.55	404.58	0.0
msft	1777572959729	404.89	404.89	404.31	404.89	0.0
msft	1777573010079	404.78	404.88	404.35	404.8	0.0
msft	1777573076418	404.72	404.82	404.38	404.81	0.0
msft	1777573139819	404.85	404.955	404.65	404.9	0.0
msft	1777573198013	404.79	404.98	404.78	404.84	0.0
msft	1777573250982	404.81	404.91	404.76	404.84	0.0
msft	1777577697160	408.07	408.71	408.06	408.14	0.0
msft	1777577754987	408.32	408.53	408.16	408.16	0.0
msft	1777990451006	411.41	411.41	411.41	411.41	0.0
msft	1777990537623	411.19	411.45	410.95	411.31	0.0
msft	1777991208005	411.23	411.48	410.73	411.44	0
msft	1777991271394	411.46	411.54	410.86	411.46	0
msft	1777991329634	410.98	411.08	410.8	410.84	0
msft	1777991384850	410.63	410.63	410.55	410.58	0
ko	1776866751621	75.35	75.35	75.31	75.31	0.0
ko	1776885358519	74.61	74.61	74.61	74.61	0.0
ko	1776972888687	76.57	76.57	76.57	76.57	0.0
ko	1777315531894	75.98	75.98	75.97	75.97	0.0
ko	1777315605877	75.96	75.96	75.96	75.96	0.0
ko	1777318078647	75.855	75.875	75.855	75.875	0.0
ko	1777318135495	75.88	75.89	75.86	75.875	0.0
ko	1777384662277	79.56	79.68	79.34	79.34	0.0
ko	1777389116059	80.14	80.14	80.14	80.14	0.0
ko	1777389599954	79.94	80.0	79.93	79.93	0.0
ko	1777390259743	80.2	80.2	80.16	80.17	0.0
ko	1777390676447	80.02	80.02	80.01	80.01	0.0
ko	1777392056892	80.04	80.05	80.03	80.04	0.0
ko	1777395167102	80.1	80.1	80.1	80.1	0.0
ko	1777395213179	80.11	80.11	80.04	80.05	0.0
ko	1777399376586	79.28	79.44	79.26	79.44	0.0
ko	1777496877064	78.9	78.9	78.9	78.9	0.0
ko	1777546698991	78.91	78.91	78.91	78.91	0.0
ko	1777558293414	78.79	78.79	78.79	78.79	0.0
ko	1777558372149	78.77	78.79	78.7	78.765	0.0
ko	1777558429642	78.81	78.81	78.75	78.76	0.0
ko	1777558493374	78.72	78.81	78.67	78.81	0.0
ko	1777558532524	78.72	78.72	78.68	78.68	0.0
ko	1777560358709	78.76	78.81	78.76	78.76	0.0
ko	1777560397223	78.78	78.78	78.67	78.67	0.0
ko	1777560476316	78.75	78.76	78.68	78.72	0.0
ko	1777560507803	78.71	78.71	78.7	78.7	0.0
ko	1777560581329	78.68	78.7	78.67	78.7	0.0
ko	1777561257410	78.61	78.61	78.55	78.55	0.0
ko	1777561319770	78.55	78.63	78.51	78.6	0.0
ko	1777561369426	78.51	78.63	78.51	78.52	0.0
ko	1777561438768	78.52	78.66	78.52	78.66	0.0
ko	1777561478191	78.62	78.66	78.62	78.66	0.0
ko	1777563080335	78.44	78.44	78.44	78.44	0.0
ko	1777563165347	78.49	78.49	78.36	78.36	0.0
ko	1777563293641	78.37	78.37	78.37	78.37	0.0
ko	1777563993627	78.44	78.44	78.44	78.44	0.0
ko	1777567496513	78.67	78.695	78.67	78.695	0.0
ko	1777567558300	78.69	78.695	78.67	78.67	0.0
ko	1777567605149	78.66	78.67	78.66	78.67	0.0
ko	1777567666819	78.68	78.68	78.68	78.68	0.0
ko	1777572938421	78.54	78.54	78.53	78.53	0.0
ko	1777573016338	78.56	78.56	78.55	78.55	0.0
ko	1777573037118	78.57	78.57	78.55	78.55	0.0
ko	1777573128637	78.54	78.56	78.53	78.53	0.0
ko	1777573155356	78.48	78.48	78.48	78.48	0.0
ko	1777573254645	78.53	78.53	78.53	78.53	0.0
ko	1777577384583	78.53	78.53	78.53	78.53	0.0
ko	1777577687355	78.59	78.59	78.58	78.58	0.0
ko	1777577755996	78.58	78.58	78.58	78.58	0.0
ko	1777990489461	78.18	78.18	78.17	78.17	0.0
ko	1777990510043	78.17	78.18	78.17	78.18	0.0
ko	1777991202699	78.3	78.3	78.215	78.22	0
ko	1777991271394	78.24	78.24	78.21	78.24	0
ko	1777991329644	78.225	78.23	78.225	78.23	0
ko	1777991385473	78.27	78.29	78.27	78.27	0
crm	1776866752638	189.96	190.095	189.96	190.04	0.0
crm	1776972887792	173.84	173.84	173.59	173.59	0.0
crm	1777315556938	181.71	181.72	181.71	181.72	0.0
crm	1777315591381	181.73	181.77	181.73	181.77	0.0
crm	1777318078647	181.24	181.25	181.24	181.24	0.0
crm	1777318125227	181.26	181.26	181.07	181.07	0.0
crm	1777388334944	182.38	182.4	182.38	182.4	0.0
crm	1777389598007	182.53	182.64	182.53	182.64	0.0
crm	1777390217573	182.23	182.23	182.23	182.23	0.0
crm	1777392048956	181.89	181.89	181.77	181.77	0.0
crm	1777395232380	182.62	182.68	182.61	182.68	0.0
crm	1777399377619	183.33	183.33	183.28	183.29	0.0
crm	1777469314818	179.55	179.55	179.55	179.55	0.0
crm	1777548584946	179.45	179.45	179.45	179.45	0.0
crm	1777551471090	179.45	179.45	179.45	179.45	0.0
crm	1777558297465	174.45	174.45	174.29	174.29	0.0
crm	1777558326908	174.06	174.06	174.06	174.06	0.0
crm	1777558419406	174.75	175.3	174.75	175.3	0.0
crm	1777558489416	175.4	175.4	175.05	175.35	0.0
crm	1777558553107	175.35	175.35	174.86	174.89	0.0
crm	1777560303000	176.82	176.82	176.77	176.77	0.0
crm	1777560401261	176.67	176.76	176.66	176.76	0.0
crm	1777560459581	176.73	176.78	176.68	176.71	0.0
crm	1777560528598	176.61	176.64	176.5	176.62	0.0
crm	1777560563928	176.54	176.54	176.54	176.54	0.0
crm	1777561356787	176.74	176.74	176.74	176.74	0.0
crm	1777561421248	176.37	176.37	176.37	176.37	0.0
crm	1777561496943	176.48	176.58	176.48	176.56	0.0
crm	1777563142504	177.63	177.63	177.63	177.63	0.0
crm	1777563214689	177.22	177.22	177.08	177.08	0.0
crm	1777563257941	177.06	177.06	177.06	177.06	0.0
crm	1777563987478	176.44	176.44	176.44	176.44	0.0
crm	1777567487418	175.28	175.37	175.28	175.35	0.0
crm	1777567548022	175.195	175.195	175.195	175.195	0.0
crm	1777567618811	175.15	175.35	175.14	175.34	0.0
crm	1777567674258	175.36	175.36	175.21	175.21	0.0
crm	1777572953655	176.54	176.54	176.54	176.54	0.0
crm	1777573008058	176.83	176.83	176.52	176.6	0.0
crm	1777573074324	176.75	176.85	176.61	176.85	0.0
crm	1777573130736	176.83	176.83	176.6	176.62	0.0
crm	1777573187364	176.77	176.78	176.58	176.7	0.0
crm	1777573237171	176.52	176.68	176.48	176.68	0.0
crm	1777577388632	177.74	177.74	177.59	177.61	0.0
crm	1777577683939	177.64	177.64	177.5	177.5	0.0
crm	1777577755996	177.68	177.69	177.68	177.69	0.0
crm	1777990488728	182.675	182.675	182.675	182.675	0.0
crm	1777990502955	182.97	182.97	182.97	182.97	0.0
crm	1777991166059	183.91	183.91	183.91	183.91	0
crm	1777991273182	184.17	184.19	184.01	184.19	0
crm	1777991329634	183.99	184.02	183.77	184.02	0
v	1776866755170	310.7	310.72	310.7	310.7	0.0
v	1776972899735	308.48	308.48	308.41	308.41	0.0
v	1777315549718	308.97	309.02	308.97	309.02	0.0
v	1777318070766	309.45	309.59	309.45	309.48	0.0
v	1777318105974	309.37	309.37	309.37	309.37	0.0
v	1777384662280	311.71	311.71	311.5	311.7	0.0
v	1777388339057	312.705	312.72	312.675	312.675	0.0
v	1777389113008	313.03	313.03	313.03	313.03	0.0
v	1777389598007	312.68	312.68	312.67	312.67	0.0
v	1777390250486	312.85	312.95	312.85	312.95	0.0
v	1777390672082	313.14	313.22	313.14	313.22	0.0
v	1777392041823	312.79	312.79	312.76	312.76	0.0
v	1777395230325	311.0	311.0	310.96	310.96	0.0
v	1777397816404	311.6	311.6	311.57	311.57	0.0
v	1777399354276	311.32	311.32	311.32	311.32	0.0
v	1777469329877	331.93	332.0	331.85	331.85	0.0
v	1777551529421	334.96	334.96	334.36	334.36	0.0
v	1777558291267	329.12	329.28	329.12	329.14	0.0
v	1777558328850	329.24	329.24	329.24	329.24	0.0
v	1777558431615	328.98	329.18	328.98	329.18	0.0
v	1777558524463	329.21	329.31	329.05	329.28	0.0
v	1777560318608	329.27	329.5	329.15	329.48	0.0
v	1777560381309	329.31	329.31	329.31	329.31	0.0
v	1777560472186	329.22	329.22	329.13	329.13	0.0
v	1777560537911	329.09	329.56	329.09	329.56	0.0
v	1777560598026	328.96	330.2	328.96	329.7	0.0
v	1777561311774	329.95	330.43	329.33	330.29	0.0
v	1777561378735	329.975	329.975	329.23	329.76	0.0
v	1777561410046	329.25	329.75	329.0	329.2	0.0
v	1777561448003	328.92	329.045	328.92	329.045	0.0
v	1777563080335	329.55	329.55	329.495	329.495	0.0
v	1777563173894	329.28	329.38	329.28	329.38	0.0
v	1777563193081	329.42	329.44	329.42	329.44	0.0
v	1777563291614	329.47	329.66	329.47	329.66	0.0
v	1777563949002	328.91	328.91	328.91	328.91	0.0
v	1777563994636	328.97	328.97	328.97	328.97	0.0
v	1777567487418	330.25	330.62	330.25	330.57	0.0
v	1777567556251	330.59	330.84	330.59	330.84	0.0
v	1777567599753	330.83	330.85	330.7	330.76	0.0
v	1777567636190	330.89	330.89	330.86	330.86	0.0
v	1777572955681	331.47	331.47	331.37	331.37	0.0
v	1777573078409	331.04	331.13	331.04	331.13	0.0
v	1777573124551	330.865	331.03	330.82	331.03	0.0
v	1777573199032	330.87	330.97	330.72	330.97	0.0
v	1777573236121	330.79	330.82	330.79	330.82	0.0
v	1777577393172	331.03	331.03	330.94	330.95	0.0
v	1777577696176	331.03	331.155	331.02	331.04	0.0
v	1777990537623	321.89	322.14	321.89	322.14	0.0
v	1777991192576	322.48	322.48	322.48	322.48	0
v	1777991272206	322.24	322.47	322.22	322.37	0
v	1777991297557	322.41	322.41	322.41	322.41	0
v	1777991385278	322.02	322.02	321.84	321.84	0
ma	1776885355486	508.23	508.26	508.23	508.26	0.0
ma	1777315544442	506.31	506.49	506.31	506.49	0.0
ma	1777315565163	506.5	506.5	506.5	506.5	0.0
ma	1777318060168	506.69	506.69	506.63	506.63	0.0
ma	1777318138494	506.44	506.44	506.335	506.335	0.0
ma	1777384662270	512.89	513.14	512.58	513.14	0.0
ma	1777388330702	515.24	515.24	514.99	514.99	0.0
ma	1777389588589	514.9	514.9	514.83	514.83	0.0
ma	1777390221669	515.98	515.98	515.97	515.97	0.0
ma	1777390666028	516.32	516.32	516.32	516.32	0.0
ma	1777395216179	511.98	511.98	511.98	511.98	0.0
ma	1777397816404	512.6	512.67	512.6	512.67	0.0
ma	1777551456064	517.62	517.62	517.62	517.62	0.0
ma	1777551485319	516.99	516.99	515.0	515.0	0.0
ma	1777558313503	507.15	507.76	507.13	507.76	0.0
ma	1777558497608	507.03	508.38	507.03	507.9	0.0
ma	1777558525659	507.14	508.6	507.14	508.6	0.0
ma	1777560332635	506.41	506.51	506.41	506.51	0.0
ma	1777560406510	506.68	506.69	506.0	506.45	0.0
ma	1777560475296	506.26	506.57	506.26	506.42	0.0
ma	1777560595981	506.11	508.35	506.11	507.27	0.0
ma	1777561317798	507.43	507.66	507.12	507.12	0.0
ma	1777561368351	506.8	506.8	506.8	506.8	0.0
ma	1777561395843	506.93	507.24	506.93	507.24	0.0
ma	1777561458121	506.96	507.28	506.8	506.8	0.0
ma	1777563221800	506.63	506.63	506.63	506.63	0.0
ma	1777563293642	506.62	506.62	506.09	506.09	0.0
ma	1777563955210	507.22	507.22	507.22	507.22	0.0
ma	1777564054237	507.13	507.13	507.13	507.13	0.0
ma	1777567486290	503.25	503.64	503.24	503.64	0.0
ma	1777567556251	503.58	503.685	503.4	503.62	0.0
ma	1777567603907	503.385	503.54	503.385	503.54	0.0
ma	1777567672365	503.57	503.57	503.38	503.38	0.0
ma	1777572955681	505.32	505.32	505.09	505.09	0.0
ma	1777573108641	504.23	504.23	504.23	504.23	0.0
ma	1777573195754	504.42	504.79	504.4	504.79	0.0
ma	1777577380454	504.8	504.8	504.8	504.8	0.0
ma	1777990537623	500.32	500.32	500.32	500.32	0.0
ma	1777991166059	501.9	501.9	501.9	501.9	0
ma	1777991232286	502.01	502.17	502.01	502.17	0
ma	1777991297557	501.62	501.66	501.62	501.66	0
ma	1777991384846	500.16	500.16	499.99	499.99	0
wmt	1776885355486	129.74	129.74	129.74	129.74	0.0
wmt	1777315491337	127.59	127.59	127.59	127.59	0.0
wmt	1777315555879	127.58	127.58	127.58	127.58	0.0
wmt	1777318077044	127.805	127.83	127.805	127.83	0.0
wmt	1777318131383	127.81	127.82	127.79	127.8	0.0
wmt	1777384662277	128.35	128.43	128.25	128.25	0.0
wmt	1777388333865	128.53	128.53	128.47	128.5	0.0
wmt	1777389103945	128.54	128.54	128.54	128.54	0.0
wmt	1777389598961	128.37	128.37	128.32	128.32	0.0
wmt	1777390247304	128.36	128.41	128.36	128.4	0.0
wmt	1777392014641	128.58	128.6	128.58	128.6	0.0
wmt	1777395180162	127.87	127.87	127.87	127.87	0.0
wmt	1777399376586	127.24	127.24	127.19	127.19	0.0
wmt	1777558307445	130.99	130.99	130.99	130.99	0.0
wmt	1777558345205	131.0	131.0	131.0	131.0	0.0
wmt	1777558429643	131.01	131.05	130.98	131.05	0.0
wmt	1777558497608	131.03	131.03	130.97	130.97	0.0
wmt	1777558559266	130.93	131.05	130.88	131.05	0.0
wmt	1777560358709	130.97	131.34	130.97	131.32	0.0
wmt	1777560387791	131.28	131.35	131.25	131.35	0.0
wmt	1777560468114	131.24	131.295	131.24	131.295	0.0
wmt	1777560534630	131.29	131.33	131.21	131.21	0.0
wmt	1777560593927	131.3	131.34	131.2	131.2	0.0
wmt	1777561233668	130.77	130.77	130.77	130.77	0.0
wmt	1777561318785	130.75	130.75	130.75	130.75	0.0
wmt	1777561371999	130.75	130.76	130.63	130.63	0.0
wmt	1777561421248	130.64	130.69	130.6	130.61	0.0
wmt	1777561448003	130.65	130.65	130.64	130.64	0.0
wmt	1777563092682	131.05	131.05	131.05	131.05	0.0
wmt	1777563181611	131.08	131.08	131.08	131.08	0.0
wmt	1777563276251	130.93	130.93	130.91	130.91	0.0
wmt	1777564003560	131.3	131.3	131.3	131.3	0.0
wmt	1777564066021	131.3	131.43	131.3	131.43	0.0
wmt	1777567499538	131.78	131.82	131.78	131.8	0.0
wmt	1777567537285	131.8	131.8	131.78	131.78	0.0
wmt	1777572958712	131.815	131.815	131.8	131.81	0.0
wmt	1777572995686	131.81	131.83	131.81	131.83	0.0
wmt	1777573056390	131.83	131.83	131.82	131.82	0.0
wmt	1777573134816	131.81	131.81	131.72	131.8	0.0
wmt	1777573183849	131.78	131.78	131.74	131.74	0.0
wmt	1777573222626	131.74	131.74	131.74	131.74	0.0
wmt	1777577683939	131.76	131.76	131.76	131.76	0.0
wmt	1777990537624	131.58	131.58	131.56	131.56	0.0
wmt	1777991202699	130.585	130.75	130.58	130.75	0
wmt	1777991268931	130.68	130.76	130.58	130.74	0
wmt	1777991311842	130.78	130.78	130.77	130.77	0
wmt	1777991385469	130.81	130.81	130.78	130.78	0
googl	1776972875196	339.43	339.43	339.43	339.43	0.0
googl	1777315493860	352.41	352.43	352.4	352.43	0.0
googl	1777315556938	352.46	352.46	352.32	352.33	0.0
googl	1777315609966	352.35	352.52	352.35	352.52	0.0
googl	1777318064202	352.22	352.26	352.22	352.24	0.0
googl	1777318129322	352.31	352.4	352.31	352.38	0.0
googl	1777384662270	346.955	347.52	346.955	347.52	0.0
googl	1777388331720	350.7	350.79	350.2	350.4	0.0
googl	1777389110977	350.48	350.96	350.48	350.96	0.0
googl	1777389590905	351.14	351.16	351.11	351.16	0.0
googl	1777390244242	351.08	351.08	351.08	351.08	0.0
googl	1777390669059	350.26	350.26	350.24	350.24	0.0
googl	1777392057964	349.2	349.28	349.18	349.25	0.0
googl	1777393559621	349.2	349.2	349.07	349.07	0.0
googl	1777395231321	349.63	349.82	349.63	349.75	0.0
googl	1777397813388	349.0	349.0	349.0	349.0	0.0
googl	1777398419025	349.34	349.34	349.34	349.34	0.0
googl	1777399361351	349.4	349.52	349.4	349.52	0.0
googl	1777495797433	373.55	374.0	373.07	373.95	0.0
googl	1777495849000	374.06	374.75	373.31	373.63	0.0
googl	1777496748133	369.09	369.09	368.96	368.96	0.0
googl	1777496818511	368.17	368.5	365.0	366.83	0.0
googl	1777496870973	365.99	366.12	365.0	365.0	0.0
googl	1777497200254	369.99	369.99	369.99	369.99	0.0
googl	1777497295509	370.0	370.75	370.0	370.3	0.0
googl	1777498002949	374.0	374.0	374.0	374.0	0.0
googl	1777498068098	374.0	374.0	373.3	373.3	0.0
googl	1777501010281	372.05	372.05	372.05	372.05	0.0
googl	1777545130536	373.0	373.0	373.0	373.0	0.0
googl	1777545208081	373.48	373.48	373.48	373.48	0.0
googl	1777548528856	376.1	377.25	376.1	377.25	0.0
googl	1777549785920	376.53	376.53	376.48	376.48	0.0
googl	1777550198769	376.28	376.32	376.28	376.32	0.0
googl	1777551164165	378.4	378.76	378.4	378.76	0.0
googl	1777551354133	377.58	377.58	377.58	377.58	0.0
googl	1777551410872	377.78	377.78	377.78	377.78	0.0
googl	1777551455071	377.96	377.97	377.96	377.97	0.0
googl	1777558291267	370.215	371.27	370.215	370.27	0.0
googl	1777558363424	370.41	370.92	370.2	370.54	0.0
googl	1777558439722	370.05	370.05	369.42	369.47	0.0
googl	1777558495427	369.49	369.9	369.34	369.71	0.0
googl	1777558549940	369.94	370.17	369.42	370.05	0.0
googl	1777560359945	367.67	368.06	367.67	368.01	0.0
googl	1777560404083	367.99	368.6	367.8	368.55	0.0
googl	1777560479441	368.18	369.7	368.01	368.2	0.0
googl	1777560534631	368.73	369.78	368.73	369.28	0.0
googl	1777560594932	369.58	369.67	368.61	368.66	0.0
googl	1777561252321	372.55	372.77	372.45	372.5	0.0
googl	1777561310756	373.075	373.075	371.83	372.89	0.0
googl	1777561378735	372.63	373.15	372.53	373.06	0.0
googl	1777561438768	373.05	373.32	372.82	372.89	0.0
googl	1777561492916	372.97	373.88	372.77	373.51	0.0
googl	1777563105083	375.84	376.64	375.84	375.86	0.0
googl	1777563177508	376.09	377.0	375.74	376.37	0.0
googl	1777563227006	376.14	376.95	375.61	376.9	0.0
googl	1777563280540	375.73	377.05	375.73	377.05	0.0
googl	1777563958631	374.77	374.77	374.77	374.77	0.0
googl	1777563990701	374.96	374.96	374.96	374.96	0.0
googl	1777564067481	375.02	375.02	374.29	374.69	0.0
googl	1777567499538	377.36	377.41	377.06	377.07	0.0
googl	1777567614091	377.1	377.41	377.1	377.4	0.0
googl	1777567672365	378.14	378.18	377.38	378.12	0.0
googl	1777572899063	384.4	384.4	384.205	384.205	0.0
googl	1777572957838	384.67	385.04	384.14	384.57	0.0
googl	1777573013275	384.62	385.07	384.27	384.43	0.0
googl	1777573077401	384.26	385.18	384.14	385.14	0.0
googl	1777573133792	384.58	385.15	384.34	384.96	0.0
googl	1777573194744	384.97	385.08	384.46	384.57	0.0
googl	1777573256708	385.01	385.01	384.51	384.57	0.0
googl	1777577385592	381.58	381.6	381.12	381.52	0.0
googl	1777577696176	380.65	381.9	380.65	381.09	0.0
googl	1777577755996	381.93	381.93	381.93	381.93	0.0
googl	1777990494160	388.35	388.35	388.17	388.19	0.0
googl	1777990537623	388.17	388.33	387.565	387.64	0.0
googl	1777991210283	387.29	388.45	387.29	387.93	0
googl	1777991269215	388.34	388.395	388.19	388.32	0
googl	1777991329649	388.15	388.42	388.06	388.21	0
googl	1777991385278	388.02	388.29	388.0	388.06	0
mrk	1776972875196	114.78	114.78	114.78	114.78	0.0
mrk	1777315544442	110.86	110.87	110.86	110.87	0.0
mrk	1777315617140	110.88	110.89	110.88	110.89	0.0
mrk	1777318056422	110.66	110.68	110.66	110.68	0.0
mrk	1777318128370	110.71	110.74	110.71	110.73	0.0
mrk	1777388330701	111.76	111.76	111.71	111.71	0.0
mrk	1777389110139	111.82	111.82	111.82	111.82	0.0
mrk	1777392042821	111.29	111.37	111.29	111.37	0.0
mrk	1777395156960	110.66	110.66	110.66	110.66	0.0
mrk	1777395232380	110.66	110.66	110.605	110.61	0.0
mrk	1777397811389	110.45	110.45	110.45	110.45	0.0
mrk	1777546657900	117.0	117.0	117.0	117.0	0.0
mrk	1777546736095	117.01	117.01	117.0	117.0	0.0
mrk	1777546788183	117.0	117.0	117.0	117.0	0.0
mrk	1777548594968	114.85	115.0	114.85	115.0	0.0
mrk	1777549765866	115.0	115.0	115.0	115.0	0.0
mrk	1777551247569	113.0	113.0	113.0	113.0	0.0
mrk	1777551505381	112.99	112.99	112.99	112.99	0.0
mrk	1777558291267	110.795	111.31	110.795	111.305	0.0
mrk	1777558359284	111.31	111.31	111.31	111.31	0.0
mrk	1777558439722	111.05	111.2	111.05	111.2	0.0
mrk	1777558490349	111.12	111.12	110.955	110.955	0.0
mrk	1777558532524	111.01	111.1	110.93	110.97	0.0
mrk	1777560406510	111.84	111.84	111.62	111.64	0.0
mrk	1777560476316	111.57	111.59	111.53	111.59	0.0
mrk	1777560519775	111.81	111.81	111.69	111.69	0.0
mrk	1777560568950	111.74	111.74	111.74	111.74	0.0
mrk	1777561228564	111.33	111.33	111.33	111.33	0.0
mrk	1777561318785	111.15	111.315	111.15	111.315	0.0
mrk	1777561359812	111.12	111.14	111.08	111.14	0.0
mrk	1777561425255	110.54	111.07	110.54	110.58	0.0
mrk	1777563091667	110.52	110.52	110.4	110.4	0.0
mrk	1777563135366	110.44	110.44	110.44	110.44	0.0
mrk	1777563193081	110.34	110.34	110.34	110.34	0.0
mrk	1777563284486	110.27	110.28	110.27	110.28	0.0
mrk	1777564040579	110.57	110.58	110.48	110.48	0.0
mrk	1777567476197	110.67	110.8	110.67	110.79	0.0
mrk	1777567556251	110.89	110.89	110.85	110.85	0.0
mrk	1777567575946	110.82	110.82	110.82	110.82	0.0
mrk	1777573008058	109.89	109.89	109.885	109.885	0.0
mrk	1777573035070	109.86	109.86	109.86	109.86	0.0
mrk	1777573139818	110.05	110.05	110.0	110.0	0.0
mrk	1777573169861	109.98	110.02	109.98	110.02	0.0
mrk	1777577366034	109.59	109.59	109.59	109.59	0.0
mrk	1777577687354	109.57	109.57	109.57	109.57	0.0
mrk	1777577751758	109.55	109.55	109.55	109.55	0.0
mrk	1777991286561	113.14	113.14	113.14	113.14	0
abbv	1776972897708	201.48	201.49	201.47	201.49	0.0
abbv	1777315497415	197.69	197.79	197.69	197.77	0.0
abbv	1777315547714	197.83	197.84	197.81	197.81	0.0
abbv	1777318070766	197.65	197.66	197.63	197.63	0.0
abbv	1777318139503	197.61	197.72	197.59	197.59	0.0
abbv	1777384635618	198.0	198.0	198.0	198.0	0.0
abbv	1777389105960	198.905	198.93	198.905	198.93	0.0
abbv	1777390259743	198.97	198.97	198.94	198.94	0.0
abbv	1777392038293	198.305	198.305	198.305	198.305	0.0
abbv	1777395202165	197.28	197.28	197.27	197.27	0.0
abbv	1777558365714	213.17	213.24	213.16	213.24	0.0
abbv	1777558433627	213.68	213.69	213.68	213.69	0.0
abbv	1777558481433	213.385	213.385	213.385	213.385	0.0
abbv	1777558532524	213.5	213.5	213.5	213.5	0.0
abbv	1777560316513	214.65	214.65	214.65	214.65	0.0
abbv	1777560537911	214.2	214.2	214.2	214.2	0.0
abbv	1777560542092	214.11	214.22	214.11	214.18	0.0
abbv	1777561424197	213.44	213.44	212.81	212.81	0.0
abbv	1777561459129	212.91	212.91	212.91	212.91	0.0
abbv	1777564061323	213.03	213.03	213.03	213.03	0.0
abbv	1777567448507	213.2	213.2	213.2	213.2	0.0
abbv	1777567552200	213.29	213.29	213.2	213.2	0.0
abbv	1777567614702	213.24	213.24	213.24	213.24	0.0
abbv	1777567622972	213.2	213.2	213.2	213.2	0.0
abbv	1777572999771	212.12	212.17	212.07	212.11	0.0
abbv	1777573135805	212.05	212.05	212.0	212.0	0.0
abbv	1777573198013	212.07	212.07	212.07	212.07	0.0
abbv	1777573249285	212.13	212.17	212.13	212.17	0.0
abbv	1777990494160	207.7	207.81	207.7	207.81	0.0
abbv	1777990510044	207.935	207.935	207.935	207.935	0.0
jnj	1776972888687	231.1	231.2	231.1	231.2	0.0
jnj	1777315528975	225.54	225.54	225.53	225.53	0.0
jnj	1777318074015	225.59	225.64	225.59	225.64	0.0
jnj	1777318117793	225.68	225.7	225.63	225.63	0.0
jnj	1777388332848	230.505	230.53	230.39	230.4	0.0
jnj	1777389598007	229.82	229.89	229.82	229.88	0.0
jnj	1777390213528	230.07	230.09	230.07	230.09	0.0
jnj	1777395202165	227.58	227.58	227.58	227.58	0.0
jnj	1777397812377	226.89	226.89	226.89	226.89	0.0
jnj	1777399352256	226.93	226.93	226.93	226.93	0.0
jnj	1777546797223	227.35	227.35	227.35	227.35	0.0
jnj	1777558293414	230.33	230.33	230.33	230.33	0.0
jnj	1777558439722	230.41	230.44	230.4	230.44	0.0
jnj	1777558532524	230.44	230.46	230.44	230.46	0.0
jnj	1777560480391	230.63	230.63	230.63	230.63	0.0
jnj	1777561347490	229.86	229.86	229.86	229.86	0.0
jnj	1777561488843	229.46	229.46	229.46	229.46	0.0
jnj	1777573007017	229.34	229.34	229.28	229.28	0.0
jnj	1777573063546	229.27	229.27	229.27	229.27	0.0
jnj	1777991382896	225.52	225.52	225.52	225.52	0
pfe	1776972893718	26.55	26.55	26.55	26.55	0.0
pfe	1777315538308	26.86	26.86	26.86	26.86	0.0
pfe	1777315592252	26.865	26.865	26.865	26.865	0.0
pfe	1777318071764	26.88	26.88	26.88	26.88	0.0
pfe	1777384652170	27.045	27.045	27.04	27.04	0.0
pfe	1777388338056	26.7	26.72	26.695	26.71	0.0
pfe	1777389111987	26.75	26.75	26.75	26.75	0.0
pfe	1777389599954	26.77	26.775	26.77	26.77	0.0
pfe	1777390257686	26.77	26.77	26.77	26.77	0.0
pfe	1777390677458	26.735	26.735	26.73	26.735	0.0
pfe	1777392033086	26.78	26.78	26.77	26.77	0.0
pfe	1777393552348	26.75	26.75	26.75	26.75	0.0
pfe	1777395238417	26.665	26.665	26.65	26.65	0.0
pfe	1777399376586	26.59	26.6	26.59	26.6	0.0
pfe	1777558295463	26.67	26.72	26.67	26.71	0.0
pfe	1777558346677	26.73	26.73	26.73	26.73	0.0
pfe	1777558439722	26.725	26.73	26.715	26.72	0.0
pfe	1777558494416	26.72	26.72	26.715	26.715	0.0
pfe	1777558540677	26.715	26.73	26.715	26.715	0.0
pfe	1777560346828	26.89	26.89	26.885	26.885	0.0
pfe	1777560415737	26.9	26.9	26.89	26.89	0.0
pfe	1777560585531	26.87	26.89	26.87	26.89	0.0
pfe	1777561224499	26.8	26.8	26.8	26.8	0.0
pfe	1777561379598	26.815	26.815	26.79	26.79	0.0
pfe	1777561432454	26.73	26.75	26.73	26.73	0.0
pfe	1777561488842	26.73	26.75	26.72	26.75	0.0
pfe	1777563172908	26.73	26.73	26.73	26.73	0.0
pfe	1777563294666	26.72	26.725	26.72	26.725	0.0
pfe	1777563963361	26.765	26.765	26.765	26.765	0.0
pfe	1777564072649	26.775	26.775	26.775	26.775	0.0
pfe	1777567494493	26.74	26.75	26.74	26.75	0.0
pfe	1777567505693	26.75	26.75	26.75	26.75	0.0
pfe	1777567592320	26.75	26.75	26.75	26.75	0.0
pfe	1777567642943	26.76	26.76	26.76	26.76	0.0
pfe	1777572899063	26.645	26.645	26.645	26.645	0.0
pfe	1777572941491	26.645	26.645	26.635	26.635	0.0
pfe	1777573041741	26.64	26.645	26.64	26.645	0.0
pfe	1777573108641	26.645	26.645	26.645	26.645	0.0
pfe	1777573167799	26.645	26.645	26.645	26.645	0.0
pfe	1777573223684	26.645	26.65	26.645	26.65	0.0
pfe	1777577393172	26.67	26.67	26.645	26.655	0.0
pfe	1777577696175	26.65	26.65	26.645	26.65	0.0
pfe	1777990489466	26.3	26.31	26.295	26.3	0.0
pfe	1777991196285	26.105	26.115	26.08	26.11	0
pfe	1777991251570	26.095	26.095	26.065	26.08	0
pfe	1777991320091	26.06	26.065	26.06	26.065	0
pfe	1777991357270	26.05	26.05	26.03	26.03	0
unh	1776972898710	353.82	353.82	353.82	353.82	0.0
unh	1777315492290	352.84	352.9	352.84	352.9	0.0
unh	1777315551743	352.93	353.0	352.93	352.99	0.0
unh	1777318079171	353.32	353.75	353.29	353.75	0.0
unh	1777318136502	353.83	354.13	353.58	354.13	0.0
unh	1777384662273	360.04	360.06	359.71	359.71	0.0
unh	1777388333866	363.06	363.1	362.85	363.1	0.0
unh	1777389593928	364.81	364.81	364.52	364.54	0.0
unh	1777390259743	365.04	365.32	364.98	365.3	0.0
unh	1777390677458	365.58	365.58	365.58	365.58	0.0
unh	1777392039309	365.37	365.4	365.36	365.4	0.0
unh	1777393542565	368.82	368.86	368.82	368.86	0.0
unh	1777395236328	367.7	367.7	367.39	367.49	0.0
unh	1777397818402	368.65	368.87	368.65	368.87	0.0
unh	1777398418025	369.34	369.34	369.32	369.32	0.0
unh	1777399357320	368.08	368.14	368.08	368.11	0.0
unh	1777469334830	365.06	365.06	365.06	365.06	0.0
unh	1777496736101	368.68	368.68	368.68	368.68	0.0
unh	1777550094148	368.99	368.99	368.99	368.99	0.0
unh	1777558299525	363.77	364.11	363.68	364.11	0.0
unh	1777558434745	364.97	364.97	364.97	364.97	0.0
unh	1777558477386	365.17	365.17	364.25	364.25	0.0
unh	1777558518442	364.21	365.55	364.18	365.55	0.0
unh	1777560343757	367.86	368.1	367.86	368.07	0.0
unh	1777560410624	368.46	368.46	368.46	368.46	0.0
unh	1777560477316	368.4	368.42	368.06	368.22	0.0
unh	1777560537911	368.115	368.115	367.98	368.0	0.0
unh	1777560599974	368.01	368.22	367.99	367.99	0.0
unh	1777561310756	368.62	368.77	368.62	368.77	0.0
unh	1777561379598	368.31	368.54	368.31	368.54	0.0
unh	1777561392883	368.5	368.82	368.5	368.82	0.0
unh	1777561475931	368.48	368.48	368.18	368.18	0.0
unh	1777563173894	369.17	369.17	369.17	369.17	0.0
unh	1777563294666	369.37	369.37	369.37	369.37	0.0
unh	1777564035483	368.37	368.44	368.37	368.44	0.0
unh	1777567449844	370.44	370.5	370.44	370.5	0.0
unh	1777567509774	370.57	370.57	370.57	370.57	0.0
unh	1777567583137	370.66	370.705	370.62	370.62	0.0
unh	1777572957839	369.31	369.31	368.99	369.0	0.0
unh	1777572998757	369.09	369.11	369.04	369.04	0.0
unh	1777573077401	368.96	368.99	368.95	368.95	0.0
unh	1777573139819	369.05	369.09	368.91	368.91	0.0
unh	1777573172360	369.03	369.03	368.81	368.98	0.0
unh	1777573252619	368.95	369.0	368.84	368.84	0.0
unh	1777577367135	369.185	369.185	369.18	369.18	0.0
unh	1777577696176	369.5	369.5	369.5	369.5	0.0
unh	1777990469236	368.71	368.71	368.71	368.71	0.0
unh	1777991193477	366.69	366.69	366.66	366.66	0
unh	1777991230620	366.29	366.29	366.24	366.24	0
unh	1777991323097	365.73	365.87	365.71	365.71	0
unh	1777991357269	365.75	365.75	365.22	365.32	0
pg	1777315527957	148.49	148.52	148.49	148.52	0.0
pg	1777315580372	148.52	148.52	148.52	148.52	0.0
pg	1777318072875	148.55	148.56	148.55	148.56	0.0
pg	1777318111127	148.56	148.56	148.56	148.56	0.0
pg	1777384633954	149.98	149.98	149.98	149.98	0.0
pg	1777388330702	150.86	150.86	150.85	150.85	0.0
pg	1777389116059	150.8	150.8	150.8	150.8	0.0
pg	1777389598962	150.66	150.68	150.66	150.68	0.0
pg	1777390239921	150.77	150.77	150.73	150.74	0.0
pg	1777390675394	150.74	150.74	150.74	150.74	0.0
pg	1777395155953	150.39	150.39	150.39	150.39	0.0
pg	1777399352256	149.42	149.42	149.42	149.42	0.0
pg	1777558307445	146.68	146.68	146.63	146.63	0.0
pg	1777558353216	146.66	146.66	146.66	146.66	0.0
pg	1777558408470	146.62	146.62	146.62	146.62	0.0
pg	1777558525659	146.65	146.65	146.34	146.46	0.0
pg	1777560400254	147.1	147.1	147.1	147.1	0.0
pg	1777560443093	147.13	147.13	147.13	147.13	0.0
pg	1777560596956	147.04	147.04	147.02	147.02	0.0
pg	1777561229629	146.79	146.79	146.79	146.79	0.0
pg	1777561293869	146.69	146.69	146.69	146.69	0.0
pg	1777561349606	146.54	146.58	146.54	146.58	0.0
pg	1777561387867	146.48	146.48	146.48	146.48	0.0
pg	1777561445907	146.47	146.47	146.47	146.47	0.0
pg	1777563091666	146.76	146.76	146.76	146.76	0.0
pg	1777563171883	146.65	146.65	146.625	146.625	0.0
pg	1777563958631	146.92	146.92	146.92	146.92	0.0
pg	1777567465104	146.9	146.9	146.9	146.9	0.0
pg	1777567549025	146.87	146.87	146.87	146.87	0.0
pg	1777567573829	146.9	146.9	146.89	146.89	0.0
pg	1777572998757	147.14	147.14	147.14	147.14	0.0
pg	1777573120474	147.15	147.21	147.15	147.21	0.0
pg	1777573184883	147.18	147.18	147.17	147.17	0.0
pg	1777573232209	147.32	147.32	147.32	147.32	0.0
pg	1777577694194	147.42	147.42	147.42	147.42	0.0
pg	1777991254897	143.14	143.18	143.14	143.18	0
pg	1777991308797	143.16	143.18	143.16	143.18	0
pg	1777991351983	143.14	143.15	143.14	143.15	0
